{
  "best_metric": null,
  "best_model_checkpoint": null,
  "epoch": 4.96969696969697,
  "eval_steps": 410,
  "global_step": 1640,
  "is_hyper_param_search": false,
  "is_local_process_zero": true,
  "is_world_process_zero": true,
  "log_history": [
    {
      "epoch": 1.2424242424242424,
      "grad_norm": 0.4257458746433258,
      "learning_rate": 5e-05,
      "loss": 0.3088,
      "step": 410
    },
    {
      "epoch": 2.484848484848485,
      "grad_norm": 0.6638606786727905,
      "learning_rate": 3.346774193548387e-05,
      "loss": 0.2,
      "step": 820
    },
    {
      "epoch": 3.7272727272727275,
      "grad_norm": 0.7758904099464417,
      "learning_rate": 1.693548387096774e-05,
      "loss": 0.167,
      "step": 1230
    },
    {
      "epoch": 4.96969696969697,
      "grad_norm": 0.7380298972129822,
      "learning_rate": 4.032258064516129e-07,
      "loss": 0.1364,
      "step": 1640
    }
  ],
  "logging_steps": 410,
  "max_steps": 1650,
  "num_input_tokens_seen": 0,
  "num_train_epochs": 5,
  "save_steps": 410,
  "total_flos": 6899282757199872.0,
  "train_batch_size": 64,
  "trial_name": null,
  "trial_params": null
}
